{"8KZ0zoAVpfFDYEc2GITQEg==":"ezgif.com-gif-maker%20(1).gif","1LVymA11h7vDGqf3XNj3CA==":"1.gif","goT1XsGLHyN6PtigI2UhVA==":"ezgif.com-gif-maker.gif","3TZXiy+wm8r66lsgkAXTAg==":"2.gif","g9/Oyo/cOo4wVmxF9bTI2w==":"scrnli_10_3_2020_12-11-42%20pm-1567x723.png","KnA1NPYuQ85BmG0qx5hqIg==":"scrnli_10_3_2020_10-23-14%20am-818x405.png","71drIVkLq+XWg/Q3jYMMdQ==":"header-96x26.png","JhOVEefI9dIKwLIEHuD/Dg==":"header-1-96x26.png","xnVKWecvK2MoyFR22T/z+w==":"ezgif.com-gif-maker%20(1).gif","k7woggUi2x0mAnjnIXJKJw==":"insatll.gif","YVpfh76bOkTvSOgfpiz2Dw==":"screenshot-2-1571x469.png","/wGPHx3uIE7ztkzNtLaVQA==":"screenshot-5-967x642.png"}